src/modules/alert.js	13	476	ea76bb7af4ab3b5d33c5928f3d4d90c81ebdaaa0b1c7ada20bd60c51e71b1c86
src/modules/autocomplete.js	589	43316	1e07ab6adbb1f165c0f31c5a22d8d7727deab9bebc6b19bfb3f5f870d5ed422a
src/modules/avatar.js	13	479	5e9c333253602100e194eb3ba47f2167877d70ad959f5a56e97849cafefc59ce
src/modules/badge.js	13	476	80d07a8c0af2515cb927800943c9be03d0c9ed7edda1c2e0e8583daa53b7283d
src/modules/button.js	13	489	3e675d81ad3853e2e1d8b1dec401c924fde365ec33e867ff656a67672b7d81f7
src/modules/calendar.js	469	32538	eb111fc9148eede1842dd0a654688ef4ee33ccb841cbbcac4412612f8bd62189
src/modules/card.js	13	473	9d02b73a3ecea0ac0df5c2f0ec592a76c3c9cd48b8fe770827e50a7f345d011c
src/modules/carousel.js	582	30801	73f018d422614573ae390b0a5991cb1db0288459f7ae30241b2deb87d4f0ae36
src/modules/cascader.js	970	78104	a2c4186c43a103a0f971106d4def19469d5d40532869986d762bb6d89415943a
src/modules/checkbox.js	13	485	0c1e5acd613c07755196d16f9009bbc9f3f0cf64e59ec8a571651ff251c57150
src/modules/collapse.js	313	20064	da02ebe5ccdc276927e62a91181d390356a075bf49e6720c2d588684457081bb
src/modules/color-panel.js	759	40741	e6110b9ee3db44560da6e4787bfea6224a93e321fd6b8349f10611df0bd8274a
src/modules/color-picker.js	728	54138	cc2deddfb9287e6387dcff834b0772249bb65a9923788fa7884d3e1382d69cea
src/modules/component-contracts.js	101	43751	2f225ccdb8f93b7b96298af12750b4efb3b57dcb8e59b0b5ed4ffef0fcb0bb15
src/modules/control.js	1014	89885	b721a308d35cb97dbdef78ac0e94d2921403f6cc4c8fd6e7067096c619e0c9e6
src/modules/date-picker.js	1498	91095	26d00ee0a9f068a088fe1039ac669d72530745b48d3eaf79180440c010726727
src/modules/descriptions.js	13	497	925905422b5c809b1e2ff0d9f6d778c59e1e6f47f781df066ac6e89e659bf213
src/modules/drawer.js	448	28697	0417d4928eebaa5b59a4159475d0397afb2ba58cd2d87d2f7f61a5ecfce99bd2
src/modules/dropdown.js	563	41229	ec891b42a2b884b8d3ab5484cd1320e82a23a9af83558292ea0489e61cbe535f
src/modules/empty-projection.js	66	4409	a15999cc826cdc8c2105d9dc9e30ae1893a822bf97a18bda7f4a5a34bcec481d
src/modules/empty.js	13	476	5196ce5959dd7ecf056b43dde8840b1427fea74779b803c7e9c9d6e145cecdb8
src/modules/form.js	13	473	3c9a163df1c801dbb140f6ce64750cdca4ff02411b6fad12af0881046f7ffe4d
src/modules/grid.js	13	473	3c88dc13000ad0840ba2c11f7c8af93bddf6d5a07a77b22cdbec24c8d456502d
src/modules/icon.js	13	473	739b1b2f4dfc83c712a1654163308e97b0f132efaa39cd9ee7b806de02f2b565
src/modules/image.js	1004	58402	381d7a9057605fbf3d044320873f78a5e757cc511f6be25911e8934d59a67136
src/modules/input-number.js	304	18747	8e2384436c4f486b82bbfe39f147d7679d9149cf11192137387441421dea1a18
src/modules/input-otp.js	188	11449	0946f43fbf0e6baa5b0598241de86c8d20762e53c3034195355b5b2b69c1cd80
src/modules/item-collection.js	1648	88503	5818e2d6f9593bc0a26ebd6f0a09dfe39eeab748cb5856fa51b5f3414ef8ceb0
src/modules/item.js	263	12037	816f3c2dfd845641d41e1aa3b9a497a270e132d40d68f02ceb576c7f1672b952
src/modules/json.js	477	32762	49052abd7d960446991eab9a57d3803d70558ba6c77df6b601fe6f6698aefc64
src/modules/layout.js	13	479	c45de0594d0ce48507c8513c4bfe4264462a6dbef34ca59c16a755447363d0b8
src/modules/list.js	83	3641	b62eea17a29b36891c8cd84cc6183242bc9b95be81c6f8c20580cec6214b8f30
src/modules/loading.js	459	23252	7008627c3e801261412bfdee9d03ebd0b377f59baa5134b1f8601df10acc5dc6
src/modules/menu.js	1389	91027	ed9810c4dcba0c45e5a0429c264f8bdf88f8055e38b4f049701b9632ebf22b1a
src/modules/message.js	131	8721	20ef6ae4e5a61708c3efbdc07ec08d454d47cec7a95268eb8fe917b6bb3d38e1
src/modules/modal.js	503	32240	aad16f123d5d35e30f3c8e1becacbcbe6e7337f835fa2968ebdfcdb5f788df34
src/modules/notice-clock.js	221	7617	7e9524d883b48b80185e36935c582a15aa9e50458b8028f117879f27f8eca925
src/modules/notice-service.js	1450	82215	c8d04a55856a0268d1d476e77a77b34e22b94146418d9e40843937ba69ba278f
src/modules/notification.js	150	10118	39a0620279e4aa51147133489d20cf6c7a4c8f318fb90a5a15e67a059c16c8e3
src/modules/option-list.js	178	8899	4ddbbffc2f902516309594be64aebead0971bf188e4738eb54c4bd3e05e2990d
src/modules/pagination.js	700	35829	1ae180f76dedfbd5ea66b29057191335e1b22454cd90b73a9837d1ee4e011b40
src/modules/period-panel.js	494	29831	6acd5b99ce01903db81f802f5ee2d3cb0892e809a1f20e2206163600cc87bc7d
src/modules/picker-field-base.js	394	33651	6496503bba8abb1e534f6fd85441cad0c0b10d673a15e66e3fa7d50f82ba02e5
src/modules/popconfirm.js	218	15282	da1633bd59b065503baa51be67fff1b5d376fc89b9d8a4559eccc0732af1f97c
src/modules/popover.js	308	15188	b34949ed0750da2092d606bb9d18ecb448241d2ff88b00108a5c6b642eae60dc
src/modules/progress.js	507	27192	96c9cde1791eaa9b742a3c6bbd36cad6339b487bb00ba12d4bef4c6d80ab4b0e
src/modules/radio.js	13	476	1d3893c77e49606a9cb3013f59cfac1263406d93ff00960a12a918d8cd2787df
src/modules/rate.js	283	17538	60cfe7d1b1fbba1b897bd6a1bb9ffb89accc402ba77959bd1e78a5e7ef105c39
src/modules/result.js	238	13746	454f981767ac7d9a8b416e6954e2e47c320f4bf15178f5ad4e7ce9ccee2b1073
src/modules/ripple.js	244	13369	ac7b5c1a09d612e6310aa85255aecb6237b691788900912364b53fd00877ccb2
src/modules/scroll.js	1180	58996	f15dabbcc93bf0013546e75d1cf16362d16bcac6ac83101be52e4171974be0a0
src/modules/select.js	1183	73877	ee91764bbd17f9d0333fd809d62f09c20a7150233e464a9c8feedde4bde79e88
src/modules/slider.js	698	40264	e72f485ffb92985f9d0b4aec8136f83aef61c730abfc7da44f26d4a84c2bf149
src/modules/sort.js	408	24142	343b73e134974e89e4a08052afadee73f1bebdf3b514a9351bb96131362f00a6
src/modules/steps.js	433	23488	fe45c3c9013154e2e1190b0102937a4eacc793a97db5d2f6e47e77c6e7b9b8e5
src/modules/switch.js	36	1487	c37692fa86fb5f89a5e5276da158091ce3b70bc10e4593c8425ef0be2c069e0e
src/modules/table.js	2477	177986	9cd94d034717cb624ffedf3c7fe1926b53f2ba92cf39801b269f9de2abb66c38
src/modules/tabs.js	1043	58792	d898c07eaa7eba78b6672eae227a80e95441efc9b0fdc40c058df6f942159a01
src/modules/tag-input.js	162	10322	36cb0e5daf483964185fc65808f45658dcde672a7b2796e4c3a83f25322fae2b
src/modules/tags.js	1573	91378	14befa71b29bf91c545ea39430da29daa0280a60ad6cbf673314922f35527cf0
src/modules/text-field.js	116	9753	8f882fc2e28f47b0d5484ef870970d27ac3415c1cab00b9d1bd1278fb9f69149
src/modules/time-panel.js	346	20619	d5d7f2458dc60b75196c346c2a42fd619d482c16d6775b62312fbf9c5de9385f
src/modules/time-picker.js	556	37035	c09dbd15298da6eddcc1d48d4438edfa0bd2ddfc1219b7acdaa4f67ae06f78a3
src/modules/tooltip.js	447	25729	613b0601475dedb8773a2fea57ed2431dcd84d3e2e91378cb2df95be41719d84
src/modules/transfer.js	938	55200	ac857ecab6b653d691ad9f11fb3984abc918ad11af118e85803b4b6f1535b906
src/modules/tree-select.js	871	60191	67a2c54afc834c8188aaf579b7f7f239955a8a679961868f4548d42dbe596a8f
src/modules/tree.js	1048	60855	95e609bd7daf2b0f8fb395c56456aa5cb1a3ea7979c87fd452660244869e5556
src/modules/trigger.js	686	41795	035e5246767d833b3eb39a52ae58418785d70b51d8f93d05a2eccf9f7cd9f7ba
src/modules/upload.js	608	43843	c5887bec2c127873da70ad9e835644c571781b1ad30f8587da6d8a3091d04885
src/modules/virtual-list.js	408	18560	d233897f2c78fe05dbf448a16634562205a19c8078a7509aaea0cd102efd62c4
src/modules/wheel-panel.js	761	44293	642e60cd457002cf184676afa3d4aad115cf3b9ecd0ab943d01c281cbf2fe131
src/modules/wheel-picker.js	379	23496	379898d79df9a031e54720270ce47349a3e5cf3bba06092ca8a20a1cc19a4509
src/qxframe9a7c2.js	14471	719468	229a037c65b2d23928403b554fee2fe3bb53b54bf12486b9f0e994ee49da6254
